-- Academic Terms
INSERT INTO `academic_terms` (`id`, `year`, `term_type`, `start_date`, `end_date`) VALUES
(1, 2025, '2', '2025-09-01', '2025-12-31');

-- Users
INSERT INTO `users` (`id`, `email`, `password`, `created_at`, `updated_at`, `deleted_at`) VALUES
(20241001, 'admin@lms.ac.kr', '$2a$10$dummyHashedPassword123456789012345678901234567890', '2025-12-15 02:37:06.000000', NULL, NULL),
(20250101001, 'm1vXyelY5laXJeb2SWNtpsik/TigvmbVzcp/qld1P+E=', '$2a$12$gmd6my6CSNM9mmXD9kT3h.yYUuBxpAA7vwRsYj2cUt2XXCKqvl5IO', '2025-12-10 02:19:04.239502', '2025-12-10 02:19:04.239534', NULL),
(20250101002, '7xZQt8XCv72ArZRLQAyroTeSb4zxg8Wqs8ZfsRpgDO8=', '$2a$12$78jtlU.CMCmx5/aXAB8AHOZVXaBObkf/zbPkNYIC9y8LyMxGIXji2', '2025-12-10 02:21:27.336597', '2025-12-10 02:21:27.336611', NULL),
(20250101003, 'HhQXq5CFjEeyhPWHZSohXXQzaytQRQjhz+6TqY/Dyc0=', '$2a$12$OkDJm4o50kM58UFlaRkiF.fkuYvgKmS5zW7SCR9hew6fB8KwbiUxe', '2025-12-16 05:41:11.010237', '2025-12-16 05:41:11.010440', NULL);

-- User Profiles
INSERT INTO `user_profiles` (`user_id`, `name`, `created_at`) VALUES
(20250101001, 'GTVzcP/WI5I21T4mj/0Nsw==', '2025-12-10 02:19:04.243547'),
(20250101002, 'GTVzcP/WI5I21T4mj/0Nsw==', '2025-12-10 02:21:27.337970'),
(20250101003, 'nUr9zKL2KQ0a9mZ4XICgbA==', '2025-12-16 05:41:11.015906');

-- Professors
INSERT INTO `professors` (`professor_id`, `appointment_date`, `created_at`) VALUES
(20250101002, '2025-12-09', '2025-12-10 02:21:27.339295'),
(20250101003, '2025-12-15', '2025-12-16 05:41:11.019161');

-- Professor Departments
INSERT INTO `professor_departments` (`id`, `professor_id`, `department_id`, `is_primary`, `start_date`, `end_date`) VALUES
(1, 20250101002, 1, b'1', '2025-12-09', NULL),
(2, 20250101003, 1, b'1', '2025-12-15', NULL);

-- Students
INSERT INTO `students` (`student_id`, `admission_year`, `grade`, `created_at`) VALUES
(20250101001, 2025, 1, '2025-12-10 02:19:04.246698');
-- Courses
INSERT INTO `courses` (`id`, `subject_id`, `academic_term_id`, `section_number`, `current_students`, `professor_id`, `max_students`, `created_at`, `description`) VALUES
(1, 1, 1, '01', 12, 20250101002, 45, '2025-12-10 02:57:25', NULL),
(2, 1, 1, '02', 8, 20250101002, 45, '2025-12-10 02:57:25', NULL),
(3, 2, 1, '01', 25, 20250101002, 60, '2025-12-10 02:57:25', NULL),
(4, 3, 1, '01', 19, 20250101002, 40, '2025-12-10 02:57:25', NULL),
(5, 3, 1, '02', 15, 20250101002, 35, '2025-12-10 02:57:25', NULL),
(6, 4, 1, '01', 22, 20250101002, 38, '2025-12-10 02:57:25', NULL),
(7, 5, 1, '01', 30, 20250101002, 50, '2025-12-10 02:57:25', NULL),
(8, 6, 1, '01', 28, 20250101002, 55, '2025-12-10 02:57:25', NULL),
(9, 7, 1, '01', 20, 20250101002, 32, '2025-12-10 02:57:25', NULL),
(10, 8, 1, '01', 15, 20250101002, 35, '2025-12-10 02:57:25', NULL),
(11, 9, 1, '01', 12, 20250101002, 30, '2025-12-10 02:57:25', NULL),
(12, 10, 1, '01', 18, 20250101002, 38, '2025-12-10 02:57:25', NULL),
(13, 11, 1, '01', 28, 20250101002, 28, '2025-12-10 02:57:25', NULL),
(14, 12, 1, '01', 6, 20250101002, 20, '2025-12-10 02:57:25', NULL),
(15, 12, 1, '02', 5, 20250101002, 20, '2025-12-10 02:57:25', NULL),
(16, 13, 1, '01', 8, 20250101002, 25, '2025-12-10 02:57:25', NULL),
(17, 14, 1, '01', 15, 20250101002, 30, '2025-12-10 02:57:25', NULL),
(18, 15, 1, '01', 20, 20250101002, 35, '2025-12-10 02:57:25', NULL),
(19, 16, 1, '01', 12, 20250101002, 30, '2025-12-10 02:57:25', NULL),
(20, 17, 1, '01', 10, 20250101002, 28, '2025-12-10 02:57:25', NULL),
(21, 18, 1, '01', 18, 20250101002, 40, '2025-12-10 02:57:25', NULL),
(22, 19, 1, '01', 15, 20250101002, 32, '2025-12-10 02:57:25', NULL),
(23, 20, 1, '01', 12, 20250101002, 30, '2025-12-10 02:57:25', NULL),
(24, 21, 1, '01', 8, 20250101002, 25, '2025-12-10 02:57:25', NULL),
(25, 22, 1, '01', 10, 20250101002, 30, '2025-12-10 02:57:25', NULL),
(26, 23, 1, '01', 45, 20250101002, 100, '2025-12-10 02:57:25', NULL),
(27, 23, 1, '02', 38, 20250101002, 100, '2025-12-10 02:57:25', NULL),
(28, 24, 1, '01', 52, 20250101002, 100, '2025-12-10 02:57:25', NULL),
(29, 25, 1, '01', 35, 20250101002, 80, '2025-12-10 02:57:25', NULL),
(30, 25, 1, '02', 28, 20250101002, 80, '2025-12-10 02:57:25', NULL),
(31, 26, 1, '01', 30, 20250101002, 80, '2025-12-10 02:57:25', NULL),
(32, 27, 1, '01', 25, 20250101002, 80, '2025-12-10 02:57:25', NULL),
(33, 28, 1, '01', 22, 20250101002, 60, '2025-12-10 02:57:25', NULL),
(34, 29, 1, '01', 18, 20250101002, 50, '2025-12-10 02:57:25', NULL),
(35, 30, 1, '01', 35, 20250101002, 70, '2025-12-10 02:57:25', NULL),
(36, 31, 1, '01', 60, 20250101002, 60, '2025-12-10 02:57:25', NULL),
(37, 32, 1, '01', 15, 20250101002, 40, '2025-12-10 02:57:25', NULL),
(38, 33, 1, '01', 12, 20250101002, 40, '2025-12-10 02:57:25', NULL),
(39, 34, 1, '01', 20, 20250101002, 50, '2025-12-10 02:57:25', NULL),
(40, 35, 1, '01', 18, 20250101002, 50, '2025-12-10 02:57:25', NULL),
(41, 36, 1, '01', 15, 20250101002, 45, '2025-12-10 02:57:25', NULL),
(42, 37, 1, '01', 20, 20250101002, 50, '2025-12-10 02:57:25', NULL),
(43, 38, 1, '01', 25, 20250101002, 60, '2025-12-10 02:57:25', NULL),
(44, 39, 1, '01', 30, 20250101002, 70, '2025-12-10 02:57:25', NULL),
(48, 60, 1, '01', 1, 20250101003, 40, '2025-12-17 01:42:54', 'aa');

-- Course Types
INSERT INTO `course_types` (`id`, `type_code`, `category`) VALUES
(1, 1, 0),
(2, 2, 0),
(3, 3, 1),
(4, 4, 1);

-- Enrollments
INSERT INTO `enrollments` (`id`, `course_id`, `student_id`, `enrolled_at`) VALUES
(31, 4, 20250101001, '2025-12-13 22:25:59'),
(32, 48, 20250101001, '2025-12-17 10:44:25');

-- Period Types
INSERT INTO `period_types` (`id`, `type_code`, `type_name`, `description`) VALUES
(1, 'ENROLLMENT', '수강신청', '학생이 수강신청을 할 수 있는 기간'),
(2, 'COURSE_REGISTRATION', '강의등록', '교수가 강의를 등록할 수 있는 기간'),
(3, 'ADJUSTMENT', '정정', '수강신청 정정 기간'),
(4, 'CANCELLATION', '수강철회', '수강철회가 가능한 기간');

-- Subjects
INSERT INTO `subjects` (`id`, `subject_code`, `subject_name`, `department_id`, `course_type_id`, `credits`, `theory_hours`, `practice_hours`, `subject_description`, `description`, `created_at`) VALUES
(1, 'CS101', '프로그래밍기초', 1, 1, 3, 2, 2, 'C 언어를 이용한 프로그래밍 기초', '변수, 제어문, 함수, 배열 등 프로그래밍의 기본 개념을 학습합니다.', '2025-12-10 02:57:25'),
(2, 'CS102', '컴퓨터개론', 1, 1, 3, 3, 0, '컴퓨터 시스템의 기본 원리', '컴퓨터 하드웨어, 소프트웨어, 운영체제의 기본 개념을 학습합니다.', '2025-12-10 02:57:25'),
(3, 'CS201', '자료구조', 1, 1, 3, 2, 2, '데이터 구조와 알고리즘 기초', '배열, 리스트, 스택, 큐, 트리, 그래프 등 자료구조를 학습합니다.', '2025-12-10 02:57:25'),
(4, 'CS202', '객체지향프로그래밍', 1, 1, 3, 2, 2, 'Java를 이용한 객체지향 프로그래밍', '클래스, 상속, 다형성, 추상화 등 객체지향 개념을 학습합니다.', '2025-12-10 02:57:25'),
(5, 'CS203', '컴퓨터구조', 1, 1, 3, 3, 0, '컴퓨터 하드웨어 구조', 'CPU, 메모리, 입출력 시스템 등 컴퓨터 하드웨어 구조를 학습합니다.', '2025-12-10 02:57:25'),
(6, 'CS204', '이산수학', 1, 1, 3, 3, 0, '이산 수학의 기초', '집합, 논리, 그래프 이론 등 컴퓨터 과학에 필요한 수학을 학습합니다.', '2025-12-10 02:57:25'),
(7, 'CS301', '알고리즘', 1, 1, 3, 2, 2, '알고리즘 설계와 분석', '정렬, 탐색, 그래프 알고리즘 등 다양한 알고리즘을 학습합니다.', '2025-12-10 02:57:25'),
(8, 'CS302', '운영체제', 1, 1, 3, 3, 0, '운영체제의 원리와 구조', '프로세스 관리, 메모리 관리, 파일 시스템 등을 학습합니다.', '2025-12-10 02:57:25'),
(9, 'CS303', '데이터베이스', 1, 1, 3, 2, 2, '데이터베이스 설계와 관리', 'SQL, 정규화, 트랜잭션 등 데이터베이스 이론과 실습을 학습합니다.', '2025-12-10 02:57:25'),
(10, 'CS304', '컴퓨터네트워크', 1, 1, 3, 3, 0, '네트워크 프로토콜과 구조', 'TCP/IP, HTTP, 라우팅 등 네트워크의 기본 원리를 학습합니다.', '2025-12-10 02:57:25'),
(11, 'CS305', '소프트웨어공학', 1, 1, 3, 2, 2, '소프트웨어 개발 방법론', '요구사항 분석, 설계, 테스트 등 소프트웨어 개발 프로세스를 학습합니다.', '2025-12-10 02:57:25'),
(12, 'CS403', '캡스톤디자인', 1, 1, 3, 1, 4, '종합 설계 프로젝트', '팀 프로젝트를 통한 실전 소프트웨어 개발 경험을 쌓습니다.', '2025-12-10 02:57:25'),
(13, 'CS401', '컴파일러', 1, 2, 3, 2, 2, '컴파일러 설계 원리', '어휘 분석, 구문 분석, 코드 생성 등 컴파일러의 구조를 학습합니다.', '2025-12-10 02:57:25'),
(14, 'CS402', '인공지능', 1, 2, 3, 2, 2, '인공지능 기초', '머신러닝, 딥러닝, 자연어 처리 등 인공지능의 기본 개념을 학습합니다.', '2025-12-10 02:57:25'),
(15, 'CS411', '웹프로그래밍', 1, 2, 3, 2, 2, '웹 개발 기초', 'HTML, CSS, JavaScript를 이용한 웹 프로그래밍 기초를 학습합니다.', '2025-12-10 02:57:25'),
(16, 'CS412', '모바일프로그래밍', 1, 2, 3, 2, 2, '모바일 앱 개발', '안드로이드/iOS 앱 개발 기초를 학습합니다.', '2025-12-10 02:57:25'),
(17, 'CS413', '컴퓨터그래픽스', 1, 2, 3, 2, 2, '컴퓨터 그래픽스 이론', '3D 그래픽스, 렌더링 기법 등을 학습합니다.', '2025-12-10 02:57:25'),
(18, 'CS414', '정보보안', 1, 2, 3, 3, 0, '정보보안 기초', '암호학, 네트워크 보안, 시스템 보안 등을 학습합니다.', '2025-12-10 02:57:25'),
(19, 'CS415', '빅데이터분석', 1, 2, 3, 2, 2, '빅데이터 처리와 분석', '하둡, 스파크 등을 이용한 빅데이터 분석 기법을 학습합니다.', '2025-12-10 02:57:25'),
(20, 'CS416', '클라우드컴퓨팅', 1, 2, 3, 2, 2, '클라우드 컴퓨팅 기초', 'AWS, Azure 등 클라우드 플랫폼 활용을 학습합니다.', '2025-12-10 02:57:25'),
(21, 'CS417', '임베디드시스템', 1, 2, 3, 2, 2, '임베디드 시스템 설계', '마이크로컨트롤러, IoT 시스템 설계를 학습합니다.', '2025-12-10 02:57:25'),
(22, 'CS418', '게임프로그래밍', 1, 2, 3, 1, 4, '게임 개발 기초', '게임 엔진을 이용한 게임 개발 기초를 학습합니다.', '2025-12-10 02:57:25'),
(23, 'GE101', '대학영어', 11, 3, 2, 2, 0, '대학 수준의 영어 학습', '대학생으로서 필요한 영어 읽기, 쓰기, 말하기 능력을 기릅니다.', '2025-12-10 02:57:25'),
(24, 'GE102', '대학한국어', 10, 3, 2, 2, 0, '대학 수준의 국어 학습', '대학생으로서 필요한 국어 문법, 작문 능력을 기릅니다.', '2025-12-10 02:57:25'),
(25, 'GE103', '컴퓨터활용', 1, 3, 2, 1, 2, '컴퓨터 기본 활용', '워드, 엑셀, 파워포인트 등 오피스 프로그램 활용을 학습합니다.', '2025-12-10 02:57:25'),
(26, 'GE104', '논리와사고', 13, 3, 2, 2, 0, '논리적 사고력 향상', '논리학 기초와 비판적 사고 능력을 기릅니다.', '2025-12-10 02:57:25'),
(27, 'GE105', '통계학기초', 14, 3, 2, 2, 0, '기초 통계학', '기술통계, 확률, 추론통계의 기초를 학습합니다.', '2025-12-10 02:57:25'),
(28, 'GE201', '영화와문학', 10, 4, 2, 2, 0, '영화와 문학의 관계', '영화와 문학 작품을 비교 분석하며 문화를 이해합니다.', '2025-12-10 02:57:25'),
(29, 'GE202', '서양철학사', 13, 4, 2, 2, 0, '서양 철학의 역사', '고대부터 현대까지 서양 철학의 흐름을 학습합니다.', '2025-12-10 02:57:25'),
(30, 'GE203', '심리학개론', 18, 4, 3, 3, 0, '심리학 기초', '인간의 행동과 정신 과정을 과학적으로 이해합니다.', '2025-12-10 02:57:25'),
(31, 'GE204', '경제학원론', 21, 4, 3, 3, 0, '경제학 기초', '미시경제학과 거시경제학의 기본 개념을 학습합니다.', '2025-12-10 02:57:25'),
(32, 'GE205', '음악의이해', 22, 4, 2, 2, 0, '음악 감상과 이해', '서양음악사와 음악 이론의 기초를 학습합니다.', '2025-12-10 02:57:25'),
(33, 'GE206', '미술사', 23, 4, 2, 2, 0, '서양 미술사', '고대부터 현대까지 서양 미술의 역사를 학습합니다.', '2025-12-10 02:57:25'),
(34, 'GE207', '생활체육', 1, 4, 1, 0, 2, '건강한 생활을 위한 체육', '다양한 스포츠 활동을 통한 건강 관리 방법을 학습합니다.', '2025-12-10 02:57:25'),
(35, 'GE208', '환경과생태', 17, 4, 2, 2, 0, '환경 문제와 생태계', '현대 환경 문제와 생태계 보전에 대해 학습합니다.', '2025-12-10 02:57:25'),
(36, 'GE209', '창의적사고', 12, 4, 2, 2, 0, '창의적 문제 해결', '창의적 사고 기법과 문제 해결 방법을 학습합니다.', '2025-12-10 02:57:25'),
(37, 'GE210', '글로벌문화', 11, 4, 2, 2, 0, '세계 문화 이해', '다양한 국가와 지역의 문화를 비교 분석합니다.', '2025-12-10 02:57:25'),
(38, 'GE211', '과학기술과사회', 1, 4, 2, 2, 0, '과학기술의 사회적 영향', '과학기술 발전이 사회에 미치는 영향을 분석합니다.', '2025-12-10 02:57:25'),
(39, 'GE212', '디지털리터러시', 1, 4, 2, 1, 2, '디지털 시대의 소양', '디지털 미디어 활용과 정보 활용 능력을 기릅니다.', '2025-12-10 02:57:25'),
(41, 'CS111', '11', 1, 1, 3, NULL, NULL, '11', '11', '2025-12-16 05:41:52'),
(42, 'CS306', '데이터마이닝', 1, 2, 3, 2, 2, '데이터에서 유용한 패턴과 지식을 추출', '머신러닝 기반 데이터 분석, 클러스터링, 분류, 연관규칙 마이닝 기법을 학습합니다.', '2025-12-16 14:54:30'),
(43, 'CS307', '분산시스템', 1, 2, 3, 3, 0, '분산 환경에서의 시스템 설계', 'MapReduce, 분산 파일시스템, 일관성 프로토콜 등 분산 시스템 기술을 학습합니다.', '2025-12-16 14:54:30'),
(44, 'CS308', '블록체인', 1, 2, 3, 2, 2, '블록체인 기술과 암호화폐', '블록체인 구조, 합의 알고리즘, 스마트 컨트랙트, DApp 개발을 학습합니다.', '2025-12-16 14:54:30'),
(45, 'CS309', '사물인터넷', 1, 2, 3, 2, 2, 'IoT 시스템 설계 및 구현', '센서 네트워크, MQTT, IoT 플랫폼, 스마트홈 시스템 개발을 학습합니다.', '2025-12-16 14:54:30'),
(46, 'CS310', '컴퓨터비전', 1, 2, 3, 2, 2, '영상 처리와 패턴 인식', '이미지 처리, 객체 인식, OpenCV, CNN 기반 비전 시스템을 학습합니다.', '2025-12-16 14:54:30'),
(47, 'CS404', '자연어처리', 1, 2, 3, 2, 2, '텍스트 데이터 분석과 이해', '형태소 분석, 개체명 인식, Transformer, BERT 등 NLP 기술을 학습합니다.', '2025-12-16 14:54:30'),
(48, 'CS405', '강화학습', 1, 2, 3, 2, 2, '보상 기반 학습 알고리즘', 'MDP, Q-Learning, DQN, 정책 경사 방법 등 강화학습 이론과 실습을 학습합니다.', '2025-12-16 14:54:30'),
(49, 'CS406', '멀티미디어시스템', 1, 2, 3, 2, 2, '멀티미디어 데이터 처리', '오디오/비디오 코덱, 스트리밍, 압축 기술, FFmpeg 활용을 학습합니다.', '2025-12-16 14:54:30'),
(50, 'CS407', '소프트웨어테스팅', 1, 2, 3, 2, 2, '체계적인 소프트웨어 검증', '단위 테스트, 통합 테스트, TDD, BDD, JUnit, Selenium 사용법을 학습합니다.', '2025-12-16 14:54:30'),
(51, 'CS408', 'DevOps', 1, 2, 3, 2, 2, '개발과 운영의 통합', 'CI/CD, Jenkins, GitLab, Docker, Kubernetes를 활용한 자동화를 학습합니다.', '2025-12-16 14:54:30'),
(52, 'CS409', '마이크로서비스', 1, 2, 3, 2, 2, '분산 아키텍처 설계', 'MSA 패턴, API Gateway, Service Mesh, Spring Cloud 활용을 학습합니다.', '2025-12-16 14:54:30'),
(53, 'CS410', 'UI/UX디자인', 1, 2, 3, 2, 2, '사용자 경험 중심 설계', 'Figma, 와이어프레임, 프로토타이핑, 사용성 테스트 방법을 학습합니다.', '2025-12-16 14:54:30'),
(54, 'CS419', '양자컴퓨팅', 1, 2, 3, 3, 0, '양자 알고리즘과 계산', '양자 비트, 얽힘, 양자 게이트, Shor 알고리즘 등 양자컴퓨팅 기초를 학습합니다.', '2025-12-16 14:54:30'),
(55, 'CS420', '생체인식시스템', 1, 2, 3, 2, 2, '바이오메트릭스 기술', '지문, 얼굴, 홍채 인식 알고리즘과 보안 시스템 구축을 학습합니다.', '2025-12-16 14:54:30'),
(56, 'CS421', '로보틱스', 1, 2, 3, 2, 2, '로봇 시스템 설계와 제어', 'ROS, 센서 융합, SLAM, 경로 계획 등 로봇 공학의 기초를 학습합니다.', '2025-12-16 14:54:30'),
(57, 'CS422', '디지털포렌식', 1, 2, 3, 2, 2, '사이버 범죄 분석 기술', '증거 수집, 파일 복구, 메모리 분석, 악성코드 분석 기법을 학습합니다.', '2025-12-16 14:54:30'),
(58, 'CS423', '함수형프로그래밍', 1, 2, 3, 2, 2, 'Functional Programming 패러다임', 'Haskell, Scala, 람다 계산, 모나드 등 함수형 프로그래밍을 학습합니다.', '2025-12-16 14:54:30'),
(59, 'CS424', '컴퓨터애니메이션', 1, 2, 3, 2, 2, '3D 애니메이션 제작', 'Blender, Maya, 모션 캡처, 리깅, 키프레임 애니메이션을 학습합니다.', '2025-12-16 14:54:30'),
(60, 'CS425', '추천시스템', 1, 2, 3, 2, 2, '개인화 추천 알고리즘', '협업 필터링, 콘텐츠 기반 필터링, 딥러닝 추천 모델을 학습합니다.', '2025-12-16 14:54:30'),
(61, 'CS426', '음성인식', 1, 2, 3, 2, 2, '음성 신호 처리와 인식', 'MFCC, HMM, RNN, Whisper 등 음성 인식 기술과 STT 시스템을 학습합니다.', '2025-12-16 14:54:30');

-- Subject Prerequisites
INSERT INTO `subject_prerequisites` (`id`, `subject_id`, `prerequisite_id`, `is_mandatory`, `created_at`) VALUES
(1, 3, 1, 1, '2025-12-10 02:57:25'),
(2, 4, 1, 1, '2025-12-10 02:57:25'),
(3, 5, 2, 1, '2025-12-10 02:57:25'),
(4, 7, 3, 1, '2025-12-10 02:57:25'),
(5, 8, 5, 1, '2025-12-10 02:57:25'),
(6, 9, 3, 1, '2025-12-10 02:57:25'),
(7, 10, 8, 1, '2025-12-10 02:57:25'),
(8, 11, 4, 1, '2025-12-10 02:57:25'),
(9, 12, 11, 1, '2025-12-10 02:57:25'),
(10, 13, 3, 1, '2025-12-10 02:57:25'),
(11, 13, 6, 1, '2025-12-10 02:57:25'),
(12, 14, 7, 1, '2025-12-10 02:57:25'),
(13, 15, 4, 1, '2025-12-10 02:57:25'),
(14, 16, 4, 1, '2025-12-10 02:57:25'),
(15, 17, 3, 1, '2025-12-10 02:57:25'),
(16, 18, 10, 1, '2025-12-10 02:57:25'),
(17, 19, 9, 1, '2025-12-10 02:57:25'),
(18, 20, 10, 1, '2025-12-10 02:57:25'),
(19, 21, 8, 1, '2025-12-10 02:57:25'),
(20, 22, 4, 1, '2025-12-10 02:57:25');

-- Course Schedules
INSERT INTO `course_schedules` (`schedule_id`, `course_id`, `day_of_week`, `start_time`, `end_time`, `schedule_room`) VALUES
(1, 1, 1, '09:00:00', '10:00:00', '공학관 301호'),
(2, 1, 3, '10:00:00', '12:00:00', '공학관 401호'),
(3, 2, 2, '09:00:00', '10:00:00', '공학관 302호'),
(4, 2, 4, '14:00:00', '16:00:00', '공학관 402호'),
(5, 3, 1, '10:00:00', '13:00:00', '공학관 201호'),
(6, 4, 2, '11:00:00', '12:00:00', '공학관 303호'),
(7, 4, 4, '10:00:00', '12:00:00', '공학관 403호'),
(8, 5, 2, '13:00:00', '14:00:00', '공학관 304호'),
(9, 5, 5, '09:00:00', '11:00:00', '공학관 404호'),
(10, 6, 2, '14:00:00', '15:00:00', '공학관 305호'),
(11, 6, 4, '13:00:00', '15:00:00', '공학관 405호'),
(12, 7, 3, '09:00:00', '12:00:00', '공학관 202호'),
(13, 8, 3, '13:00:00', '16:00:00', '공학관 203호'),
(14, 9, 3, '14:00:00', '15:00:00', '공학관 306호'),
(15, 9, 5, '13:00:00', '15:00:00', '공학관 406호'),
(16, 10, 4, '09:00:00', '12:00:00', '공학관 204호'),
(17, 11, 4, '10:00:00', '11:00:00', '공학관 307호'),
(18, 11, 5, '10:00:00', '12:00:00', '공학관 407호'),
(19, 12, 4, '14:00:00', '17:00:00', '공학관 205호'),
(20, 13, 1, '13:00:00', '14:00:00', '공학관 308호'),
(21, 13, 3, '15:00:00', '17:00:00', '공학관 408호'),
(22, 14, 5, '09:00:00', '10:00:00', '공학관 311호'),
(23, 14, 5, '10:00:00', '14:00:00', '공학관 411호'),
(24, 15, 5, '14:00:00', '15:00:00', '공학관 312호'),
(25, 15, 5, '15:00:00', '19:00:00', '공학관 412호'),
(26, 16, 1, '15:00:00', '16:00:00', '공학관 309호'),
(27, 16, 3, '11:00:00', '13:00:00', '공학관 409호'),
(28, 17, 2, '15:00:00', '16:00:00', '공학관 310호'),
(29, 17, 4, '16:00:00', '18:00:00', '공학관 410호'),
(30, 18, 1, '11:00:00', '12:00:00', '공학관 313호'),
(31, 18, 3, '09:00:00', '11:00:00', '공학관 413호'),
(32, 19, 2, '10:00:00', '11:00:00', '공학관 314호'),
(33, 19, 4, '09:00:00', '11:00:00', '공학관 414호'),
(34, 20, 3, '10:00:00', '11:00:00', '공학관 315호'),
(35, 20, 5, '11:00:00', '13:00:00', '공학관 415호'),
(36, 21, 1, '16:00:00', '19:00:00', '공학관 206호'),
(37, 22, 2, '16:00:00', '17:00:00', '공학관 316호'),
(38, 22, 4, '14:00:00', '16:00:00', '공학관 416호'),
(39, 23, 3, '11:00:00', '12:00:00', '공학관 317호'),
(40, 23, 5, '14:00:00', '16:00:00', '공학관 417호'),
(41, 24, 1, '17:00:00', '18:00:00', '공학관 318호'),
(42, 24, 3, '16:00:00', '18:00:00', '공학관 418호'),
(43, 25, 2, '17:00:00', '18:00:00', '공학관 319호'),
(44, 25, 4, '17:00:00', '21:00:00', '공학관 419호'),
(45, 26, 1, '09:00:00', '11:00:00', '인문관 101호'),
(46, 27, 1, '11:00:00', '13:00:00', '인문관 101호'),
(47, 28, 2, '09:00:00', '11:00:00', '인문관 102호'),
(48, 29, 2, '11:00:00', '12:00:00', '공학관 501호'),
(49, 29, 4, '10:00:00', '12:00:00', '공학관 601호'),
(50, 30, 2, '13:00:00', '14:00:00', '공학관 501호'),
(51, 30, 4, '13:00:00', '15:00:00', '공학관 601호'),
(52, 31, 3, '09:00:00', '11:00:00', '인문관 103호'),
(53, 32, 4, '09:00:00', '11:00:00', '자연관 201호'),
(54, 33, 1, '14:00:00', '16:00:00', '인문관 104호'),
(55, 34, 2, '14:00:00', '16:00:00', '인문관 105호'),
(56, 35, 3, '09:00:00', '12:00:00', '사회관 301호'),
(57, 36, 3, '13:00:00', '16:00:00', '경영관 401호'),
(58, 37, 4, '14:00:00', '16:00:00', '예술관 501호'),
(59, 38, 4, '16:00:00', '18:00:00', '예술관 502호'),
(60, 39, 5, '09:00:00', '11:00:00', '체육관 101호'),
(61, 40, 5, '11:00:00', '13:00:00', '자연관 202호'),
(62, 41, 1, '16:00:00', '18:00:00', '인문관 106호'),
(63, 42, 2, '16:00:00', '18:00:00', '인문관 107호'),
(64, 43, 3, '16:00:00', '18:00:00', '공학관 207호'),
(65, 44, 4, '18:00:00', '19:00:00', '공학관 502호'),
(66, 44, 5, '15:00:00', '17:00:00', '공학관 602호'),
(70, 48, 1, '09:00:00', '12:30:00', 'a111');

-- Course Weeks
INSERT INTO `course_weeks` (`id`, `course_id`, `week_number`, `week_title`, `created_at`) VALUES
(1, 4, 1, '1주차: 자료구조 개요', '2025-12-10 02:57:25'),
(2, 4, 2, '2주차: 배열과 리스트', '2025-12-10 02:57:25'),
(3, 4, 3, '3주차: 스택과 큐', '2025-12-10 02:57:25'),
(4, 4, 4, '4주차: 트리 구조', '2025-12-10 02:57:25'),
(5, 4, 5, '5주차: 그래프', '2025-12-10 02:57:25'),
(6, 4, 6, '6주차: 정렬 알고리즘', '2025-12-10 02:57:25'),
(7, 4, 7, '7주차: 탐색 알고리즘', '2025-12-10 02:57:25'),
(8, 4, 8, '8주차: 중간고사', '2025-12-10 02:57:25'),
(9, 4, 9, '9주차: 해시 테이블', '2025-12-10 02:57:25'),
(10, 4, 10, '10주차: 우선순위 큐', '2025-12-10 02:57:25'),
(11, 4, 11, '11주차: 문자열 알고리즘', '2025-12-10 02:57:25'),
(12, 4, 12, '12주차: 동적 프로그래밍', '2025-12-10 02:57:25'),
(13, 4, 13, '13주차: 그리디 알고리즘', '2025-12-10 02:57:25'),
(14, 4, 14, '14주차: 기말고사', '2025-12-10 02:57:25'),
(15, 4, 15, '15주차: 종합 정리', '2025-12-10 02:57:25'),
(17, 45, 1, 'ㅁ', '2025-12-16 08:42:25'),
(18, 46, 1, 'a', '2025-12-16 14:56:02');

-- Week Contents
INSERT INTO `week_contents` (`id`, `week_id`, `content_type`, `title`, `content_url`, `duration`, `display_order`, `created_at`) VALUES
(1, 18, 'VIDEO', 'a', 'a', '1', 1, '2025-12-16 14:56:02');

-- Enrollment Periods
INSERT INTO `enrollment_periods` (`id`, `term_id`, `period_name`, `period_type_id`, `start_datetime`, `end_datetime`, `target_year`, `created_at`) VALUES
(1, 1, '1차 수강신청', 1, '2025-09-01 00:00:00', '2025-12-31 23:59:59', 0, '2025-12-10 02:57:25'),
(2, 1, '강의등록', 2, '2025-12-01 23:59:59', '2025-12-16 16:45:44', 0, '2025-12-15 07:47:58');
